Serial;Counter;Valid uses;Volume (ml);Uses Left;Last Used;Status;Beverage Used
M-15-00000001-50-26.12.31-SECD-23FF45EE;00000001;;;;;;
M-15-00000002-50-26.12.31-SECD-23FF45EE;00000002;;;;;;
M-15-00000003-50-26.12.31-SECD-23FF45EE;00000003;;;;;;
M-15-00000004-50-26.12.31-SECD-23FF45EE;00000004;;;;;;
M-15-00000005-50-26.12.31-SECD-23FF45EE;00000005;;;;;;
M-15-00000006-50-26.12.31-SECD-23FF45EE;00000006;;;;;;
M-15-00000007-50-26.12.31-SECD-23FF45EE;00000007;;;;;;
M-15-00000008-50-26.12.31-SECD-23FF45EE;00000008;;;;;;
M-15-00000009-50-26.12.31-SECD-23FF45EE;00000009;;;;;;
M-15-00000010-50-26.12.31-SECD-23FF45EE;00000010;;;;;;
M-15-00000011-50-26.12.31-SECD-23FF45EE;00000011;;;;;;
M-15-00000012-50-26.12.31-SECD-23FF45EE;00000012;;;;;;
M-15-00000013-50-26.12.31-SECD-23FF45EE;00000013;;;;;;
M-15-00000014-50-26.12.31-SECD-23FF45EE;00000014;;;;;;
M-15-00000015-50-26.12.31-SECD-23FF45EE;00000015;;;;;;
M-15-00000016-50-26.12.31-SECD-23FF45EE;00000016;;;;;;
M-15-00000017-50-26.12.31-SECD-23FF45EE;00000017;;;;;;
M-15-00000018-50-26.12.31-SECD-23FF45EE;00000018;;;;;;
M-15-00000019-50-26.12.31-SECD-23FF45EE;00000019;;;;;;
M-15-00000020-50-26.12.31-SECD-23FF45EE;00000020;;;;;;
M-15-00000021-50-26.12.31-SECD-23FF45EE;00000021;;;;;;
M-15-00000022-50-26.12.31-SECD-23FF45EE;00000022;;;;;;
M-15-00000023-50-26.12.31-SECD-23FF45EE;00000023;;;;;;
M-15-00000024-50-26.12.31-SECD-23FF45EE;00000024;;;;;;
M-15-00000025-50-26.12.31-SECD-23FF45EE;00000025;;;;;;
M-15-00000026-50-26.12.31-SECD-23FF45EE;00000026;;;;;;
M-15-00000027-50-26.12.31-SECD-23FF45EE;00000027;;;;;;
M-15-00000028-50-26.12.31-SECD-23FF45EE;00000028;;;;;;
M-15-00000029-50-26.12.31-SECD-23FF45EE;00000029;;;;;;
M-15-00000030-50-26.12.31-SECD-23FF45EE;00000030;;;;;;
M-15-00000031-50-26.12.31-SECD-23FF45EE;00000031;;;;;;
M-15-00000032-50-26.12.31-SECD-23FF45EE;00000032;;;;;;
M-15-00000033-50-26.12.31-SECD-23FF45EE;00000033;;;;;;
M-15-00000034-50-26.12.31-SECD-23FF45EE;00000034;;;;;;
M-15-00000035-50-26.12.31-SECD-23FF45EE;00000035;;;;;;
M-15-00000036-50-26.12.31-SECD-23FF45EE;00000036;;;;;;
M-15-00000037-50-26.12.31-SECD-23FF45EE;00000037;;;;;;
M-15-00000038-50-26.12.31-SECD-23FF45EE;00000038;;;;;;
M-15-00000039-50-26.12.31-SECD-23FF45EE;00000039;;;;;;
M-15-00000040-50-26.12.31-SECD-23FF45EE;00000040;;;;;;
M-15-00000041-50-26.12.31-SECD-23FF45EE;00000041;;;;;;
M-15-00000042-50-26.12.31-SECD-23FF45EE;00000042;;;;;;
M-15-00000043-50-26.12.31-SECD-23FF45EE;00000043;;;;;;
M-15-00000044-50-26.12.31-SECD-23FF45EE;00000044;;;;;;
M-15-00000045-50-26.12.31-SECD-23FF45EE;00000045;;;;;;
M-15-00000046-50-26.12.31-SECD-23FF45EE;00000046;;;;;;
M-15-00000047-50-26.12.31-SECD-23FF45EE;00000047;;;;;;
M-15-00000048-50-26.12.31-SECD-23FF45EE;00000048;;;;;;
M-15-00000049-50-26.12.31-SECD-23FF45EE;00000049;;;;;;
M-15-00000050-50-26.12.31-SECD-23FF45EE;00000050;;;;;;
M-15-00000051-50-26.12.31-SECD-23FF45EE;00000051;;;;;;
M-15-00000052-50-26.12.31-SECD-23FF45EE;00000052;;;;;;
M-15-00000053-50-26.12.31-SECD-23FF45EE;00000053;;;;;;
M-15-00000054-50-26.12.31-SECD-23FF45EE;00000054;;;;;;
M-15-00000055-50-26.12.31-SECD-23FF45EE;00000055;;;;;;
M-15-00000056-50-26.12.31-SECD-23FF45EE;00000056;;;;;;
M-15-00000057-50-26.12.31-SECD-23FF45EE;00000057;;;;;;
M-15-00000058-50-26.12.31-SECD-23FF45EE;00000058;;;;;;
M-15-00000059-50-26.12.31-SECD-23FF45EE;00000059;;;;;;
M-15-00000060-50-26.12.31-SECD-23FF45EE;00000060;;;;;;
M-15-00000061-50-26.12.31-SECD-23FF45EE;00000061;;;;;;
M-15-00000062-50-26.12.31-SECD-23FF45EE;00000062;;;;;;
M-15-00000063-50-26.12.31-SECD-23FF45EE;00000063;;;;;;
M-15-00000064-50-26.12.31-SECD-23FF45EE;00000064;;;;;;
M-15-00000065-50-26.12.31-SECD-23FF45EE;00000065;;;;;;
M-15-00000066-50-26.12.31-SECD-23FF45EE;00000066;;;;;;
M-15-00000067-50-26.12.31-SECD-23FF45EE;00000067;;;;;;
M-15-00000068-50-26.12.31-SECD-23FF45EE;00000068;;;;;;
M-15-00000069-50-26.12.31-SECD-23FF45EE;00000069;;;;;;
M-15-00000070-50-26.12.31-SECD-23FF45EE;00000070;;;;;;
M-15-00000071-50-26.12.31-SECD-23FF45EE;00000071;;;;;;
M-15-00000072-50-26.12.31-SECD-23FF45EE;00000072;;;;;;
M-15-00000073-50-26.12.31-SECD-23FF45EE;00000073;;;;;;
M-15-00000074-50-26.12.31-SECD-23FF45EE;00000074;;;;;;
M-15-00000075-50-26.12.31-SECD-23FF45EE;00000075;;;;;;
M-15-00000076-50-26.12.31-SECD-23FF45EE;00000076;;;;;;
M-15-00000077-50-26.12.31-SECD-23FF45EE;00000077;;;;;;
M-15-00000078-50-26.12.31-SECD-23FF45EE;00000078;;;;;;
M-15-00000079-50-26.12.31-SECD-23FF45EE;00000079;;;;;;
M-15-00000080-50-26.12.31-SECD-23FF45EE;00000080;;;;;;
M-15-00000081-50-26.12.31-SECD-23FF45EE;00000081;;;;;;
M-15-00000082-50-26.12.31-SECD-23FF45EE;00000082;;;;;;
M-15-00000083-50-26.12.31-SECD-23FF45EE;00000083;;;;;;
M-15-00000084-50-26.12.31-SECD-23FF45EE;00000084;;;;;;
M-15-00000085-50-26.12.31-SECD-23FF45EE;00000085;;;;;;
M-15-00000086-50-26.12.31-SECD-23FF45EE;00000086;;;;;;
M-15-00000087-50-26.12.31-SECD-23FF45EE;00000087;;;;;;
M-15-00000088-50-26.12.31-SECD-23FF45EE;00000088;;;;;;
M-15-00000089-50-26.12.31-SECD-23FF45EE;00000089;;;;;;
M-15-00000090-50-26.12.31-SECD-23FF45EE;00000090;;;;;;
M-15-00000091-50-26.12.31-SECD-23FF45EE;00000091;;;;;;
M-15-00000092-50-26.12.31-SECD-23FF45EE;00000092;;;;;;
M-15-00000093-50-26.12.31-SECD-23FF45EE;00000093;;;;;;
M-15-00000094-50-26.12.31-SECD-23FF45EE;00000094;;;;;;
M-15-00000095-50-26.12.31-SECD-23FF45EE;00000095;;;;;;
M-15-00000096-50-26.12.31-SECD-23FF45EE;00000096;;;;;;
M-15-00000097-50-26.12.31-SECD-23FF45EE;00000097;;;;;;
M-15-00000098-50-26.12.31-SECD-23FF45EE;00000098;;;;;;
M-15-00000099-50-26.12.31-SECD-23FF45EE;00000099;;;;;;
M-15-00000100-50-26.12.31-SECD-23FF45EE;00000100;;;;;;
M-15-00000101-50-26.12.31-SECD-23FF45EE;00000101;;;;;;
M-15-00000102-50-26.12.31-SECD-23FF45EE;00000102;;;;;;
M-15-00000103-50-26.12.31-SECD-23FF45EE;00000103;;;;;;
M-15-00000104-50-26.12.31-SECD-23FF45EE;00000104;;;;;;
M-15-00000105-50-26.12.31-SECD-23FF45EE;00000105;;;;;;
M-15-00000106-50-26.12.31-SECD-23FF45EE;00000106;;;;;;
M-15-00000107-50-26.12.31-SECD-23FF45EE;00000107;;;;;;
M-15-00000108-50-26.12.31-SECD-23FF45EE;00000108;;;;;;
M-15-00000109-50-26.12.31-SECD-23FF45EE;00000109;;;;;;
M-15-00000110-50-26.12.31-SECD-23FF45EE;00000110;;;;;;
M-15-00000111-50-26.12.31-SECD-23FF45EE;00000111;;;;;;
M-15-00000112-50-26.12.31-SECD-23FF45EE;00000112;;;;;;
M-15-00000113-50-26.12.31-SECD-23FF45EE;00000113;;;;;;
M-15-00000114-50-26.12.31-SECD-23FF45EE;00000114;;;;;;
M-15-00000115-50-26.12.31-SECD-23FF45EE;00000115;;;;;;
M-15-00000116-50-26.12.31-SECD-23FF45EE;00000116;;;;;;
M-15-00000117-50-26.12.31-SECD-23FF45EE;00000117;;;;;;
M-15-00000118-50-26.12.31-SECD-23FF45EE;00000118;;;;;;
M-15-00000119-50-26.12.31-SECD-23FF45EE;00000119;;;;;;
M-15-00000120-50-26.12.31-SECD-23FF45EE;00000120;;;;;;
M-15-00000121-50-26.12.31-SECD-23FF45EE;00000121;;;;;;
M-15-00000122-50-26.12.31-SECD-23FF45EE;00000122;;;;;;
M-15-00000123-50-26.12.31-SECD-23FF45EE;00000123;;;;;;
M-15-00000124-50-26.12.31-SECD-23FF45EE;00000124;;;;;;
M-15-00000125-50-26.12.31-SECD-23FF45EE;00000125;;;;;;
M-15-00000126-50-26.12.31-SECD-23FF45EE;00000126;;;;;;
M-15-00000127-50-26.12.31-SECD-23FF45EE;00000127;;;;;;
M-15-00000128-50-26.12.31-SECD-23FF45EE;00000128;;;;;;
M-15-00000129-50-26.12.31-SECD-23FF45EE;00000129;;;;;;
M-15-00000130-50-26.12.31-SECD-23FF45EE;00000130;;;;;;
M-15-00000131-50-26.12.31-SECD-23FF45EE;00000131;;;;;;
M-15-00000132-50-26.12.31-SECD-23FF45EE;00000132;;;;;;
M-15-00000133-50-26.12.31-SECD-23FF45EE;00000133;;;;;;
M-15-00000134-50-26.12.31-SECD-23FF45EE;00000134;;;;;;
M-15-00000135-50-26.12.31-SECD-23FF45EE;00000135;;;;;;
M-15-00000136-50-26.12.31-SECD-23FF45EE;00000136;;;;;;
M-15-00000137-50-26.12.31-SECD-23FF45EE;00000137;;;;;;
M-15-00000138-50-26.12.31-SECD-23FF45EE;00000138;;;;;;
M-15-00000139-50-26.12.31-SECD-23FF45EE;00000139;;;;;;
M-15-00000140-50-26.12.31-SECD-23FF45EE;00000140;;;;;;
M-15-00000141-50-26.12.31-SECD-23FF45EE;00000141;;;;;;
M-15-00000142-50-26.12.31-SECD-23FF45EE;00000142;;;;;;
M-15-00000143-50-26.12.31-SECD-23FF45EE;00000143;;;;;;
M-15-00000144-50-26.12.31-SECD-23FF45EE;00000144;;;;;;
M-15-00000145-50-26.12.31-SECD-23FF45EE;00000145;;;;;;
M-15-00000146-50-26.12.31-SECD-23FF45EE;00000146;;;;;;
M-15-00000147-50-26.12.31-SECD-23FF45EE;00000147;;;;;;
M-15-00000148-50-26.12.31-SECD-23FF45EE;00000148;;;;;;
M-15-00000149-50-26.12.31-SECD-23FF45EE;00000149;;;;;;
M-15-00000150-50-26.12.31-SECD-23FF45EE;00000150;;;;;;
M-15-00000151-50-26.12.31-SECD-23FF45EE;00000151;;;;;;
M-15-00000152-50-26.12.31-SECD-23FF45EE;00000152;;;;;;
M-15-00000153-50-26.12.31-SECD-23FF45EE;00000153;;;;;;
M-15-00000154-50-26.12.31-SECD-23FF45EE;00000154;;;;;;
M-15-00000155-50-26.12.31-SECD-23FF45EE;00000155;;;;;;
M-15-00000156-50-26.12.31-SECD-23FF45EE;00000156;;;;;;
M-15-00000157-50-26.12.31-SECD-23FF45EE;00000157;;;;;;
M-15-00000158-50-26.12.31-SECD-23FF45EE;00000158;;;;;;
M-15-00000159-50-26.12.31-SECD-23FF45EE;00000159;;;;;;
M-15-00000160-50-26.12.31-SECD-23FF45EE;00000160;;;;;;
M-15-00000161-50-26.12.31-SECD-23FF45EE;00000161;;;;;;
M-15-00000162-50-26.12.31-SECD-23FF45EE;00000162;;;;;;
M-15-00000163-50-26.12.31-SECD-23FF45EE;00000163;;;;;;
M-15-00000164-50-26.12.31-SECD-23FF45EE;00000164;;;;;;
M-15-00000165-50-26.12.31-SECD-23FF45EE;00000165;;;;;;
M-15-00000166-50-26.12.31-SECD-23FF45EE;00000166;;;;;;
M-15-00000167-50-26.12.31-SECD-23FF45EE;00000167;;;;;;
M-15-00000168-50-26.12.31-SECD-23FF45EE;00000168;;;;;;
M-15-00000169-50-26.12.31-SECD-23FF45EE;00000169;;;;;;
M-15-00000170-50-26.12.31-SECD-23FF45EE;00000170;;;;;;
M-15-00000171-50-26.12.31-SECD-23FF45EE;00000171;;;;;;
M-15-00000172-50-26.12.31-SECD-23FF45EE;00000172;;;;;;
M-15-00000173-50-26.12.31-SECD-23FF45EE;00000173;;;;;;
M-15-00000174-50-26.12.31-SECD-23FF45EE;00000174;;;;;;
M-15-00000175-50-26.12.31-SECD-23FF45EE;00000175;;;;;;
M-15-00000176-50-26.12.31-SECD-23FF45EE;00000176;;;;;;
M-15-00000177-50-26.12.31-SECD-23FF45EE;00000177;;;;;;
M-15-00000178-50-26.12.31-SECD-23FF45EE;00000178;;;;;;
M-15-00000179-50-26.12.31-SECD-23FF45EE;00000179;;;;;;
M-15-00000180-50-26.12.31-SECD-23FF45EE;00000180;;;;;;
M-15-00000181-50-26.12.31-SECD-23FF45EE;00000181;;;;;;
M-15-00000182-50-26.12.31-SECD-23FF45EE;00000182;;;;;;
M-15-00000183-50-26.12.31-SECD-23FF45EE;00000183;;;;;;
M-15-00000184-50-26.12.31-SECD-23FF45EE;00000184;;;;;;
M-15-00000185-50-26.12.31-SECD-23FF45EE;00000185;;;;;;
M-15-00000186-50-26.12.31-SECD-23FF45EE;00000186;;;;;;
M-15-00000187-50-26.12.31-SECD-23FF45EE;00000187;;;;;;
M-15-00000188-50-26.12.31-SECD-23FF45EE;00000188;;;;;;
M-15-00000189-50-26.12.31-SECD-23FF45EE;00000189;;;;;;
M-15-00000190-50-26.12.31-SECD-23FF45EE;00000190;;;;;;
M-15-00000191-50-26.12.31-SECD-23FF45EE;00000191;;;;;;
M-15-00000192-50-26.12.31-SECD-23FF45EE;00000192;;;;;;
M-15-00000193-50-26.12.31-SECD-23FF45EE;00000193;;;;;;
M-15-00000194-50-26.12.31-SECD-23FF45EE;00000194;;;;;;
M-15-00000195-50-26.12.31-SECD-23FF45EE;00000195;;;;;;
M-15-00000196-50-26.12.31-SECD-23FF45EE;00000196;;;;;;
M-15-00000197-50-26.12.31-SECD-23FF45EE;00000197;;;;;;
M-15-00000198-50-26.12.31-SECD-23FF45EE;00000198;;;;;;
M-15-00000199-50-26.12.31-SECD-23FF45EE;00000199;;;;;;
M-15-00000200-50-26.12.31-SECD-23FF45EE;00000200;;;;;;
M-15-00000201-50-26.12.31-SECD-23FF45EE;00000201;;;;;;
M-15-00000202-50-26.12.31-SECD-23FF45EE;00000202;;;;;;
M-15-00000203-50-26.12.31-SECD-23FF45EE;00000203;;;;;;
M-15-00000204-50-26.12.31-SECD-23FF45EE;00000204;;;;;;
M-15-00000205-50-26.12.31-SECD-23FF45EE;00000205;;;;;;
M-15-00000206-50-26.12.31-SECD-23FF45EE;00000206;;;;;;
M-15-00000207-50-26.12.31-SECD-23FF45EE;00000207;;;;;;
M-15-00000208-50-26.12.31-SECD-23FF45EE;00000208;;;;;;
M-15-00000209-50-26.12.31-SECD-23FF45EE;00000209;;;;;;
M-15-00000210-50-26.12.31-SECD-23FF45EE;00000210;;;;;;
M-15-00000211-50-26.12.31-SECD-23FF45EE;00000211;;;;;;
M-15-00000212-50-26.12.31-SECD-23FF45EE;00000212;;;;;;
M-15-00000213-50-26.12.31-SECD-23FF45EE;00000213;;;;;;
M-15-00000214-50-26.12.31-SECD-23FF45EE;00000214;;;;;;
M-15-00000215-50-26.12.31-SECD-23FF45EE;00000215;;;;;;
M-15-00000216-50-26.12.31-SECD-23FF45EE;00000216;;;;;;
M-15-00000217-50-26.12.31-SECD-23FF45EE;00000217;;;;;;
M-15-00000218-50-26.12.31-SECD-23FF45EE;00000218;;;;;;
M-15-00000219-50-26.12.31-SECD-23FF45EE;00000219;;;;;;
M-15-00000220-50-26.12.31-SECD-23FF45EE;00000220;;;;;;
M-15-00000221-50-26.12.31-SECD-23FF45EE;00000221;;;;;;
M-15-00000222-50-26.12.31-SECD-23FF45EE;00000222;;;;;;
M-15-00000223-50-26.12.31-SECD-23FF45EE;00000223;;;;;;
M-15-00000224-50-26.12.31-SECD-23FF45EE;00000224;;;;;;
M-15-00000225-50-26.12.31-SECD-23FF45EE;00000225;;;;;;
M-15-00000226-50-26.12.31-SECD-23FF45EE;00000226;;;;;;
M-15-00000227-50-26.12.31-SECD-23FF45EE;00000227;;;;;;
M-15-00000228-50-26.12.31-SECD-23FF45EE;00000228;;;;;;
M-15-00000229-50-26.12.31-SECD-23FF45EE;00000229;;;;;;
M-15-00000230-50-26.12.31-SECD-23FF45EE;00000230;;;;;;
M-15-00000231-50-26.12.31-SECD-23FF45EE;00000231;;;;;;
M-15-00000232-50-26.12.31-SECD-23FF45EE;00000232;;;;;;
M-15-00000233-50-26.12.31-SECD-23FF45EE;00000233;;;;;;
M-15-00000234-50-26.12.31-SECD-23FF45EE;00000234;;;;;;
M-15-00000235-50-26.12.31-SECD-23FF45EE;00000235;;;;;;
M-15-00000236-50-26.12.31-SECD-23FF45EE;00000236;;;;;;
M-15-00000237-50-26.12.31-SECD-23FF45EE;00000237;;;;;;
M-15-00000238-50-26.12.31-SECD-23FF45EE;00000238;;;;;;
M-15-00000239-50-26.12.31-SECD-23FF45EE;00000239;;;;;;
M-15-00000240-50-26.12.31-SECD-23FF45EE;00000240;;;;;;
M-15-00000241-50-26.12.31-SECD-23FF45EE;00000241;;;;;;
M-15-00000242-50-26.12.31-SECD-23FF45EE;00000242;;;;;;
M-15-00000243-50-26.12.31-SECD-23FF45EE;00000243;;;;;;
M-15-00000244-50-26.12.31-SECD-23FF45EE;00000244;;;;;;
M-15-00000245-50-26.12.31-SECD-23FF45EE;00000245;;;;;;
M-15-00000246-50-26.12.31-SECD-23FF45EE;00000246;;;;;;
M-15-00000247-50-26.12.31-SECD-23FF45EE;00000247;;;;;;
M-15-00000248-50-26.12.31-SECD-23FF45EE;00000248;;;;;;
M-15-00000249-50-26.12.31-SECD-23FF45EE;00000249;;;;;;
M-15-00000250-50-26.12.31-SECD-23FF45EE;00000250;;;;;;
M-15-00000251-50-26.12.31-SECD-23FF45EE;00000251;;;;;;
M-15-00000252-50-26.12.31-SECD-23FF45EE;00000252;;;;;;
M-15-00000253-50-26.12.31-SECD-23FF45EE;00000253;;;;;;
M-15-00000254-50-26.12.31-SECD-23FF45EE;00000254;;;;;;
M-15-00000255-50-26.12.31-SECD-23FF45EE;00000255;;;;;;
M-15-00000256-50-26.12.31-SECD-23FF45EE;00000256;;;;;;
M-15-00000257-50-26.12.31-SECD-23FF45EE;00000257;;;;;;
M-15-00000258-50-26.12.31-SECD-23FF45EE;00000258;;;;;;
M-15-00000259-50-26.12.31-SECD-23FF45EE;00000259;;;;;;
M-15-00000260-50-26.12.31-SECD-23FF45EE;00000260;;;;;;
M-15-00000261-50-26.12.31-SECD-23FF45EE;00000261;;;;;;
M-15-00000262-50-26.12.31-SECD-23FF45EE;00000262;;;;;;
M-15-00000263-50-26.12.31-SECD-23FF45EE;00000263;;;;;;
M-15-00000264-50-26.12.31-SECD-23FF45EE;00000264;;;;;;
M-15-00000265-50-26.12.31-SECD-23FF45EE;00000265;;;;;;
M-15-00000266-50-26.12.31-SECD-23FF45EE;00000266;;;;;;
M-15-00000267-50-26.12.31-SECD-23FF45EE;00000267;;;;;;
M-15-00000268-50-26.12.31-SECD-23FF45EE;00000268;;;;;;
M-15-00000269-50-26.12.31-SECD-23FF45EE;00000269;;;;;;
M-15-00000270-50-26.12.31-SECD-23FF45EE;00000270;;;;;;
M-15-00000271-50-26.12.31-SECD-23FF45EE;00000271;;;;;;
M-15-00000272-50-26.12.31-SECD-23FF45EE;00000272;;;;;;
M-15-00000273-50-26.12.31-SECD-23FF45EE;00000273;;;;;;
M-15-00000274-50-26.12.31-SECD-23FF45EE;00000274;;;;;;
M-15-00000275-50-26.12.31-SECD-23FF45EE;00000275;;;;;;
M-15-00000276-50-26.12.31-SECD-23FF45EE;00000276;;;;;;
M-15-00000277-50-26.12.31-SECD-23FF45EE;00000277;;;;;;
M-15-00000278-50-26.12.31-SECD-23FF45EE;00000278;;;;;;
M-15-00000279-50-26.12.31-SECD-23FF45EE;00000279;;;;;;
M-15-00000280-50-26.12.31-SECD-23FF45EE;00000280;;;;;;
M-15-00000281-50-26.12.31-SECD-23FF45EE;00000281;;;;;;
M-15-00000282-50-26.12.31-SECD-23FF45EE;00000282;;;;;;
M-15-00000283-50-26.12.31-SECD-23FF45EE;00000283;;;;;;
M-15-00000284-50-26.12.31-SECD-23FF45EE;00000284;;;;;;
M-15-00000285-50-26.12.31-SECD-23FF45EE;00000285;;;;;;
M-15-00000286-50-26.12.31-SECD-23FF45EE;00000286;;;;;;
M-15-00000287-50-26.12.31-SECD-23FF45EE;00000287;;;;;;
M-15-00000288-50-26.12.31-SECD-23FF45EE;00000288;;;;;;
M-15-00000289-50-26.12.31-SECD-23FF45EE;00000289;;;;;;
M-15-00000290-50-26.12.31-SECD-23FF45EE;00000290;;;;;;
M-15-00000291-50-26.12.31-SECD-23FF45EE;00000291;;;;;;
M-15-00000292-50-26.12.31-SECD-23FF45EE;00000292;;;;;;
M-15-00000293-50-26.12.31-SECD-23FF45EE;00000293;;;;;;
M-15-00000294-50-26.12.31-SECD-23FF45EE;00000294;;;;;;
M-15-00000295-50-26.12.31-SECD-23FF45EE;00000295;;;;;;
M-15-00000296-50-26.12.31-SECD-23FF45EE;00000296;;;;;;
M-15-00000297-50-26.12.31-SECD-23FF45EE;00000297;;;;;;
M-15-00000298-50-26.12.31-SECD-23FF45EE;00000298;;;;;;
M-15-00000299-50-26.12.31-SECD-23FF45EE;00000299;;;;;;
M-15-00000300-50-26.12.31-SECD-23FF45EE;00000300;;;;;;
M-15-00000301-50-26.12.31-SECD-23FF45EE;00000301;;;;;;
M-15-00000302-50-26.12.31-SECD-23FF45EE;00000302;;;;;;
M-15-00000303-50-26.12.31-SECD-23FF45EE;00000303;;;;;;
M-15-00000304-50-26.12.31-SECD-23FF45EE;00000304;;;;;;
M-15-00000305-50-26.12.31-SECD-23FF45EE;00000305;;;;;;
M-15-00000306-50-26.12.31-SECD-23FF45EE;00000306;;;;;;
M-15-00000307-50-26.12.31-SECD-23FF45EE;00000307;;;;;;
M-15-00000308-50-26.12.31-SECD-23FF45EE;00000308;;;;;;
M-15-00000309-50-26.12.31-SECD-23FF45EE;00000309;;;;;;
M-15-00000310-50-26.12.31-SECD-23FF45EE;00000310;;;;;;
M-15-00000311-50-26.12.31-SECD-23FF45EE;00000311;;;;;;
M-15-00000312-50-26.12.31-SECD-23FF45EE;00000312;;;;;;
M-15-00000313-50-26.12.31-SECD-23FF45EE;00000313;;;;;;
M-15-00000314-50-26.12.31-SECD-23FF45EE;00000314;;;;;;
M-15-00000315-50-26.12.31-SECD-23FF45EE;00000315;;;;;;
M-15-00000316-50-26.12.31-SECD-23FF45EE;00000316;;;;;;
M-15-00000317-50-26.12.31-SECD-23FF45EE;00000317;;;;;;
M-15-00000318-50-26.12.31-SECD-23FF45EE;00000318;;;;;;
M-15-00000319-50-26.12.31-SECD-23FF45EE;00000319;;;;;;
M-15-00000320-50-26.12.31-SECD-23FF45EE;00000320;;;;;;
M-15-00000321-50-26.12.31-SECD-23FF45EE;00000321;;;;;;
M-15-00000322-50-26.12.31-SECD-23FF45EE;00000322;;;;;;
M-15-00000323-50-26.12.31-SECD-23FF45EE;00000323;;;;;;
M-15-00000324-50-26.12.31-SECD-23FF45EE;00000324;;;;;;
M-15-00000325-50-26.12.31-SECD-23FF45EE;00000325;;;;;;
M-15-00000326-50-26.12.31-SECD-23FF45EE;00000326;;;;;;
M-15-00000327-50-26.12.31-SECD-23FF45EE;00000327;;;;;;
M-15-00000328-50-26.12.31-SECD-23FF45EE;00000328;;;;;;
M-15-00000329-50-26.12.31-SECD-23FF45EE;00000329;;;;;;
M-15-00000330-50-26.12.31-SECD-23FF45EE;00000330;;;;;;
M-15-00000331-50-26.12.31-SECD-23FF45EE;00000331;;;;;;
M-15-00000332-50-26.12.31-SECD-23FF45EE;00000332;;;;;;
M-15-00000333-50-26.12.31-SECD-23FF45EE;00000333;;;;;;
M-15-00000334-50-26.12.31-SECD-23FF45EE;00000334;;;;;;
M-15-00000335-50-26.12.31-SECD-23FF45EE;00000335;;;;;;
M-15-00000336-50-26.12.31-SECD-23FF45EE;00000336;;;;;;
M-15-00000337-50-26.12.31-SECD-23FF45EE;00000337;;;;;;
M-15-00000338-50-26.12.31-SECD-23FF45EE;00000338;;;;;;
M-15-00000339-50-26.12.31-SECD-23FF45EE;00000339;;;;;;
M-15-00000340-50-26.12.31-SECD-23FF45EE;00000340;;;;;;
M-15-00000341-50-26.12.31-SECD-23FF45EE;00000341;;;;;;
M-15-00000342-50-26.12.31-SECD-23FF45EE;00000342;;;;;;
M-15-00000343-50-26.12.31-SECD-23FF45EE;00000343;;;;;;
M-15-00000344-50-26.12.31-SECD-23FF45EE;00000344;;;;;;
M-15-00000345-50-26.12.31-SECD-23FF45EE;00000345;;;;;;
M-15-00000346-50-26.12.31-SECD-23FF45EE;00000346;;;;;;
M-15-00000347-50-26.12.31-SECD-23FF45EE;00000347;;;;;;
M-15-00000348-50-26.12.31-SECD-23FF45EE;00000348;;;;;;
M-15-00000349-50-26.12.31-SECD-23FF45EE;00000349;;;;;;
M-15-00000350-50-26.12.31-SECD-23FF45EE;00000350;;;;;;
M-15-00000351-50-26.12.31-SECD-23FF45EE;00000351;;;;;;
M-15-00000352-50-26.12.31-SECD-23FF45EE;00000352;;;;;;
M-15-00000353-50-26.12.31-SECD-23FF45EE;00000353;;;;;;
M-15-00000354-50-26.12.31-SECD-23FF45EE;00000354;;;;;;
M-15-00000355-50-26.12.31-SECD-23FF45EE;00000355;;;;;;
M-15-00000356-50-26.12.31-SECD-23FF45EE;00000356;;;;;;
M-15-00000357-50-26.12.31-SECD-23FF45EE;00000357;;;;;;
M-15-00000358-50-26.12.31-SECD-23FF45EE;00000358;;;;;;
M-15-00000359-50-26.12.31-SECD-23FF45EE;00000359;;;;;;
M-15-00000360-50-26.12.31-SECD-23FF45EE;00000360;;;;;;
M-15-00000361-50-26.12.31-SECD-23FF45EE;00000361;;;;;;
M-15-00000362-50-26.12.31-SECD-23FF45EE;00000362;;;;;;
M-15-00000363-50-26.12.31-SECD-23FF45EE;00000363;;;;;;
M-15-00000364-50-26.12.31-SECD-23FF45EE;00000364;;;;;;
M-15-00000365-50-26.12.31-SECD-23FF45EE;00000365;;;;;;
M-15-00000366-50-26.12.31-SECD-23FF45EE;00000366;;;;;;
M-15-00000367-50-26.12.31-SECD-23FF45EE;00000367;;;;;;
M-15-00000368-50-26.12.31-SECD-23FF45EE;00000368;;;;;;
M-15-00000369-50-26.12.31-SECD-23FF45EE;00000369;;;;;;
M-15-00000370-50-26.12.31-SECD-23FF45EE;00000370;;;;;;
M-15-00000371-50-26.12.31-SECD-23FF45EE;00000371;;;;;;
M-15-00000372-50-26.12.31-SECD-23FF45EE;00000372;;;;;;
M-15-00000373-50-26.12.31-SECD-23FF45EE;00000373;;;;;;
M-15-00000374-50-26.12.31-SECD-23FF45EE;00000374;;;;;;
M-15-00000375-50-26.12.31-SECD-23FF45EE;00000375;;;;;;
M-15-00000376-50-26.12.31-SECD-23FF45EE;00000376;;;;;;
M-15-00000377-50-26.12.31-SECD-23FF45EE;00000377;;;;;;
M-15-00000378-50-26.12.31-SECD-23FF45EE;00000378;;;;;;
M-15-00000379-50-26.12.31-SECD-23FF45EE;00000379;;;;;;
M-15-00000380-50-26.12.31-SECD-23FF45EE;00000380;;;;;;
M-15-00000381-50-26.12.31-SECD-23FF45EE;00000381;;;;;;
M-15-00000382-50-26.12.31-SECD-23FF45EE;00000382;;;;;;
M-15-00000383-50-26.12.31-SECD-23FF45EE;00000383;;;;;;
M-15-00000384-50-26.12.31-SECD-23FF45EE;00000384;;;;;;
M-15-00000385-50-26.12.31-SECD-23FF45EE;00000385;;;;;;
M-15-00000386-50-26.12.31-SECD-23FF45EE;00000386;;;;;;
M-15-00000387-50-26.12.31-SECD-23FF45EE;00000387;;;;;;
M-15-00000388-50-26.12.31-SECD-23FF45EE;00000388;;;;;;
M-15-00000389-50-26.12.31-SECD-23FF45EE;00000389;;;;;;
M-15-00000390-50-26.12.31-SECD-23FF45EE;00000390;;;;;;
M-15-00000391-50-26.12.31-SECD-23FF45EE;00000391;;;;;;
M-15-00000392-50-26.12.31-SECD-23FF45EE;00000392;;;;;;
M-15-00000393-50-26.12.31-SECD-23FF45EE;00000393;;;;;;
M-15-00000394-50-26.12.31-SECD-23FF45EE;00000394;;;;;;
M-15-00000395-50-26.12.31-SECD-23FF45EE;00000395;;;;;;
M-15-00000396-50-26.12.31-SECD-23FF45EE;00000396;;;;;;
M-15-00000397-50-26.12.31-SECD-23FF45EE;00000397;;;;;;
M-15-00000398-50-26.12.31-SECD-23FF45EE;00000398;;;;;;
M-15-00000399-50-26.12.31-SECD-23FF45EE;00000399;;;;;;
M-15-00000400-50-26.12.31-SECD-23FF45EE;00000400;;;;;;
M-15-00000401-50-26.12.31-SECD-23FF45EE;00000401;;;;;;
M-15-00000402-50-26.12.31-SECD-23FF45EE;00000402;;;;;;
M-15-00000403-50-26.12.31-SECD-23FF45EE;00000403;;;;;;
M-15-00000404-50-26.12.31-SECD-23FF45EE;00000404;;;;;;
M-15-00000405-50-26.12.31-SECD-23FF45EE;00000405;;;;;;
M-15-00000406-50-26.12.31-SECD-23FF45EE;00000406;;;;;;
M-15-00000407-50-26.12.31-SECD-23FF45EE;00000407;;;;;;
M-15-00000408-50-26.12.31-SECD-23FF45EE;00000408;;;;;;
M-15-00000409-50-26.12.31-SECD-23FF45EE;00000409;;;;;;
M-15-00000410-50-26.12.31-SECD-23FF45EE;00000410;;;;;;
M-15-00000411-50-26.12.31-SECD-23FF45EE;00000411;;;;;;
M-15-00000412-50-26.12.31-SECD-23FF45EE;00000412;;;;;;
M-15-00000413-50-26.12.31-SECD-23FF45EE;00000413;;;;;;
M-15-00000414-50-26.12.31-SECD-23FF45EE;00000414;;;;;;
M-15-00000415-50-26.12.31-SECD-23FF45EE;00000415;;;;;;
M-15-00000416-50-26.12.31-SECD-23FF45EE;00000416;;;;;;
M-15-00000417-50-26.12.31-SECD-23FF45EE;00000417;;;;;;
M-15-00000418-50-26.12.31-SECD-23FF45EE;00000418;;;;;;
M-15-00000419-50-26.12.31-SECD-23FF45EE;00000419;;;;;;
M-15-00000420-50-26.12.31-SECD-23FF45EE;00000420;;;;;;
M-15-00000421-50-26.12.31-SECD-23FF45EE;00000421;;;;;;
M-15-00000422-50-26.12.31-SECD-23FF45EE;00000422;;;;;;
M-15-00000423-50-26.12.31-SECD-23FF45EE;00000423;;;;;;
M-15-00000424-50-26.12.31-SECD-23FF45EE;00000424;;;;;;
M-15-00000425-50-26.12.31-SECD-23FF45EE;00000425;;;;;;
M-15-00000426-50-26.12.31-SECD-23FF45EE;00000426;;;;;;
M-15-00000427-50-26.12.31-SECD-23FF45EE;00000427;;;;;;
M-15-00000428-50-26.12.31-SECD-23FF45EE;00000428;;;;;;
M-15-00000429-50-26.12.31-SECD-23FF45EE;00000429;;;;;;
M-15-00000430-50-26.12.31-SECD-23FF45EE;00000430;;;;;;
M-15-00000431-50-26.12.31-SECD-23FF45EE;00000431;;;;;;
M-15-00000432-50-26.12.31-SECD-23FF45EE;00000432;;;;;;
M-15-00000433-50-26.12.31-SECD-23FF45EE;00000433;;;;;;
M-15-00000434-50-26.12.31-SECD-23FF45EE;00000434;;;;;;
M-15-00000435-50-26.12.31-SECD-23FF45EE;00000435;;;;;;
M-15-00000436-50-26.12.31-SECD-23FF45EE;00000436;;;;;;
M-15-00000437-50-26.12.31-SECD-23FF45EE;00000437;;;;;;
M-15-00000438-50-26.12.31-SECD-23FF45EE;00000438;;;;;;
M-15-00000439-50-26.12.31-SECD-23FF45EE;00000439;;;;;;
M-15-00000440-50-26.12.31-SECD-23FF45EE;00000440;;;;;;
M-15-00000441-50-26.12.31-SECD-23FF45EE;00000441;;;;;;
M-15-00000442-50-26.12.31-SECD-23FF45EE;00000442;;;;;;
M-15-00000443-50-26.12.31-SECD-23FF45EE;00000443;;;;;;
M-15-00000444-50-26.12.31-SECD-23FF45EE;00000444;;;;;;
M-15-00000445-50-26.12.31-SECD-23FF45EE;00000445;;;;;;
M-15-00000446-50-26.12.31-SECD-23FF45EE;00000446;;;;;;
M-15-00000447-50-26.12.31-SECD-23FF45EE;00000447;;;;;;
M-15-00000448-50-26.12.31-SECD-23FF45EE;00000448;;;;;;
M-15-00000449-50-26.12.31-SECD-23FF45EE;00000449;;;;;;
M-15-00000450-50-26.12.31-SECD-23FF45EE;00000450;;;;;;
M-15-00000451-50-26.12.31-SECD-23FF45EE;00000451;;;;;;
M-15-00000452-50-26.12.31-SECD-23FF45EE;00000452;;;;;;
M-15-00000453-50-26.12.31-SECD-23FF45EE;00000453;;;;;;
M-15-00000454-50-26.12.31-SECD-23FF45EE;00000454;;;;;;
M-15-00000455-50-26.12.31-SECD-23FF45EE;00000455;;;;;;
M-15-00000456-50-26.12.31-SECD-23FF45EE;00000456;;;;;;
M-15-00000457-50-26.12.31-SECD-23FF45EE;00000457;;;;;;
M-15-00000458-50-26.12.31-SECD-23FF45EE;00000458;;;;;;
M-15-00000459-50-26.12.31-SECD-23FF45EE;00000459;;;;;;
M-15-00000460-50-26.12.31-SECD-23FF45EE;00000460;;;;;;
M-15-00000461-50-26.12.31-SECD-23FF45EE;00000461;;;;;;
M-15-00000462-50-26.12.31-SECD-23FF45EE;00000462;;;;;;
M-15-00000463-50-26.12.31-SECD-23FF45EE;00000463;;;;;;
M-15-00000464-50-26.12.31-SECD-23FF45EE;00000464;;;;;;
M-15-00000465-50-26.12.31-SECD-23FF45EE;00000465;;;;;;
M-15-00000466-50-26.12.31-SECD-23FF45EE;00000466;;;;;;
M-15-00000467-50-26.12.31-SECD-23FF45EE;00000467;;;;;;
M-15-00000468-50-26.12.31-SECD-23FF45EE;00000468;;;;;;
M-15-00000469-50-26.12.31-SECD-23FF45EE;00000469;;;;;;
M-15-00000470-50-26.12.31-SECD-23FF45EE;00000470;;;;;;
M-15-00000471-50-26.12.31-SECD-23FF45EE;00000471;;;;;;
M-15-00000472-50-26.12.31-SECD-23FF45EE;00000472;;;;;;
M-15-00000473-50-26.12.31-SECD-23FF45EE;00000473;;;;;;
M-15-00000474-50-26.12.31-SECD-23FF45EE;00000474;;;;;;
M-15-00000475-50-26.12.31-SECD-23FF45EE;00000475;;;;;;
M-15-00000476-50-26.12.31-SECD-23FF45EE;00000476;;;;;;
M-15-00000477-50-26.12.31-SECD-23FF45EE;00000477;;;;;;
M-15-00000478-50-26.12.31-SECD-23FF45EE;00000478;;;;;;
M-15-00000479-50-26.12.31-SECD-23FF45EE;00000479;;;;;;
M-15-00000480-50-26.12.31-SECD-23FF45EE;00000480;;;;;;
M-15-00000481-50-26.12.31-SECD-23FF45EE;00000481;;;;;;
M-15-00000482-50-26.12.31-SECD-23FF45EE;00000482;;;;;;
M-15-00000483-50-26.12.31-SECD-23FF45EE;00000483;;;;;;
M-15-00000484-50-26.12.31-SECD-23FF45EE;00000484;;;;;;
M-15-00000485-50-26.12.31-SECD-23FF45EE;00000485;;;;;;
M-15-00000486-50-26.12.31-SECD-23FF45EE;00000486;;;;;;
M-15-00000487-50-26.12.31-SECD-23FF45EE;00000487;;;;;;
M-15-00000488-50-26.12.31-SECD-23FF45EE;00000488;;;;;;
M-15-00000489-50-26.12.31-SECD-23FF45EE;00000489;;;;;;
M-15-00000490-50-26.12.31-SECD-23FF45EE;00000490;;;;;;
M-15-00000491-50-26.12.31-SECD-23FF45EE;00000491;;;;;;
M-15-00000492-50-26.12.31-SECD-23FF45EE;00000492;;;;;;
M-15-00000493-50-26.12.31-SECD-23FF45EE;00000493;;;;;;
M-15-00000494-50-26.12.31-SECD-23FF45EE;00000494;;;;;;
M-15-00000495-50-26.12.31-SECD-23FF45EE;00000495;;;;;;
M-15-00000496-50-26.12.31-SECD-23FF45EE;00000496;;;;;;
M-15-00000497-50-26.12.31-SECD-23FF45EE;00000497;;;;;;
M-15-00000498-50-26.12.31-SECD-23FF45EE;00000498;;;;;;
M-15-00000499-50-26.12.31-SECD-23FF45EE;00000499;;;;;;
M-15-00000500-50-26.12.31-SECD-23FF45EE;00000500;;;;;;
M-15-00000501-50-26.12.31-SECD-23FF45EE;00000501;;;;;;
M-15-00000502-50-26.12.31-SECD-23FF45EE;00000502;;;;;;
M-15-00000503-50-26.12.31-SECD-23FF45EE;00000503;;;;;;
M-15-00000504-50-26.12.31-SECD-23FF45EE;00000504;;;;;;
M-15-00000505-50-26.12.31-SECD-23FF45EE;00000505;;;;;;
M-15-00000506-50-26.12.31-SECD-23FF45EE;00000506;;;;;;
M-15-00000507-50-26.12.31-SECD-23FF45EE;00000507;;;;;;
M-15-00000508-50-26.12.31-SECD-23FF45EE;00000508;;;;;;
M-15-00000509-50-26.12.31-SECD-23FF45EE;00000509;;;;;;
M-15-00000510-50-26.12.31-SECD-23FF45EE;00000510;;;;;;
M-15-00000511-50-26.12.31-SECD-23FF45EE;00000511;;;;;;
M-15-00000512-50-26.12.31-SECD-23FF45EE;00000512;;;;;;
M-15-00000513-50-26.12.31-SECD-23FF45EE;00000513;;;;;;
M-15-00000514-50-26.12.31-SECD-23FF45EE;00000514;;;;;;
M-15-00000515-50-26.12.31-SECD-23FF45EE;00000515;;;;;;
M-15-00000516-50-26.12.31-SECD-23FF45EE;00000516;;;;;;
M-15-00000517-50-26.12.31-SECD-23FF45EE;00000517;;;;;;
M-15-00000518-50-26.12.31-SECD-23FF45EE;00000518;;;;;;
M-15-00000519-50-26.12.31-SECD-23FF45EE;00000519;;;;;;
M-15-00000520-50-26.12.31-SECD-23FF45EE;00000520;;;;;;
M-15-00000521-50-26.12.31-SECD-23FF45EE;00000521;;;;;;
M-15-00000522-50-26.12.31-SECD-23FF45EE;00000522;;;;;;
M-15-00000523-50-26.12.31-SECD-23FF45EE;00000523;;;;;;
M-15-00000524-50-26.12.31-SECD-23FF45EE;00000524;;;;;;
M-15-00000525-50-26.12.31-SECD-23FF45EE;00000525;;;;;;
M-15-00000526-50-26.12.31-SECD-23FF45EE;00000526;;;;;;
M-15-00000527-50-26.12.31-SECD-23FF45EE;00000527;;;;;;
M-15-00000528-50-26.12.31-SECD-23FF45EE;00000528;;;;;;
M-15-00000529-50-26.12.31-SECD-23FF45EE;00000529;;;;;;
M-15-00000530-50-26.12.31-SECD-23FF45EE;00000530;;;;;;
M-15-00000531-50-26.12.31-SECD-23FF45EE;00000531;;;;;;
M-15-00000532-50-26.12.31-SECD-23FF45EE;00000532;;;;;;
M-15-00000533-50-26.12.31-SECD-23FF45EE;00000533;;;;;;
M-15-00000534-50-26.12.31-SECD-23FF45EE;00000534;;;;;;
M-15-00000535-50-26.12.31-SECD-23FF45EE;00000535;;;;;;
M-15-00000536-50-26.12.31-SECD-23FF45EE;00000536;;;;;;
M-15-00000537-50-26.12.31-SECD-23FF45EE;00000537;;;;;;
M-15-00000538-50-26.12.31-SECD-23FF45EE;00000538;;;;;;
M-15-00000539-50-26.12.31-SECD-23FF45EE;00000539;;;;;;
M-15-00000540-50-26.12.31-SECD-23FF45EE;00000540;;;;;;
M-15-00000541-50-26.12.31-SECD-23FF45EE;00000541;;;;;;
M-15-00000542-50-26.12.31-SECD-23FF45EE;00000542;;;;;;
M-15-00000543-50-26.12.31-SECD-23FF45EE;00000543;;;;;;
M-15-00000544-50-26.12.31-SECD-23FF45EE;00000544;;;;;;
M-15-00000545-50-26.12.31-SECD-23FF45EE;00000545;;;;;;
M-15-00000546-50-26.12.31-SECD-23FF45EE;00000546;;;;;;
M-15-00000547-50-26.12.31-SECD-23FF45EE;00000547;;;;;;
M-15-00000548-50-26.12.31-SECD-23FF45EE;00000548;;;;;;
M-15-00000549-50-26.12.31-SECD-23FF45EE;00000549;;;;;;
M-15-00000550-50-26.12.31-SECD-23FF45EE;00000550;;;;;;
M-15-00000551-50-26.12.31-SECD-23FF45EE;00000551;;;;;;
M-15-00000552-50-26.12.31-SECD-23FF45EE;00000552;;;;;;
M-15-00000553-50-26.12.31-SECD-23FF45EE;00000553;;;;;;
M-15-00000554-50-26.12.31-SECD-23FF45EE;00000554;;;;;;
M-15-00000555-50-26.12.31-SECD-23FF45EE;00000555;;;;;;
M-15-00000556-50-26.12.31-SECD-23FF45EE;00000556;;;;;;
M-15-00000557-50-26.12.31-SECD-23FF45EE;00000557;;;;;;
M-15-00000558-50-26.12.31-SECD-23FF45EE;00000558;;;;;;
M-15-00000559-50-26.12.31-SECD-23FF45EE;00000559;;;;;;
M-15-00000560-50-26.12.31-SECD-23FF45EE;00000560;;;;;;
M-15-00000561-50-26.12.31-SECD-23FF45EE;00000561;;;;;;
M-15-00000562-50-26.12.31-SECD-23FF45EE;00000562;;;;;;
M-15-00000563-50-26.12.31-SECD-23FF45EE;00000563;;;;;;
M-15-00000564-50-26.12.31-SECD-23FF45EE;00000564;;;;;;
M-15-00000565-50-26.12.31-SECD-23FF45EE;00000565;;;;;;
M-15-00000566-50-26.12.31-SECD-23FF45EE;00000566;;;;;;
M-15-00000567-50-26.12.31-SECD-23FF45EE;00000567;;;;;;
M-15-00000568-50-26.12.31-SECD-23FF45EE;00000568;;;;;;
M-15-00000569-50-26.12.31-SECD-23FF45EE;00000569;;;;;;
M-15-00000570-50-26.12.31-SECD-23FF45EE;00000570;;;;;;
M-15-00000571-50-26.12.31-SECD-23FF45EE;00000571;;;;;;
M-15-00000572-50-26.12.31-SECD-23FF45EE;00000572;;;;;;
M-15-00000573-50-26.12.31-SECD-23FF45EE;00000573;;;;;;
M-15-00000574-50-26.12.31-SECD-23FF45EE;00000574;;;;;;
M-15-00000575-50-26.12.31-SECD-23FF45EE;00000575;;;;;;
M-15-00000576-50-26.12.31-SECD-23FF45EE;00000576;;;;;;
M-15-00000577-50-26.12.31-SECD-23FF45EE;00000577;;;;;;
M-15-00000578-50-26.12.31-SECD-23FF45EE;00000578;;;;;;
M-15-00000579-50-26.12.31-SECD-23FF45EE;00000579;;;;;;
M-15-00000580-50-26.12.31-SECD-23FF45EE;00000580;;;;;;
M-15-00000581-50-26.12.31-SECD-23FF45EE;00000581;;;;;;
M-15-00000582-50-26.12.31-SECD-23FF45EE;00000582;;;;;;
M-15-00000583-50-26.12.31-SECD-23FF45EE;00000583;;;;;;
M-15-00000584-50-26.12.31-SECD-23FF45EE;00000584;;;;;;
M-15-00000585-50-26.12.31-SECD-23FF45EE;00000585;;;;;;
M-15-00000586-50-26.12.31-SECD-23FF45EE;00000586;;;;;;
M-15-00000587-50-26.12.31-SECD-23FF45EE;00000587;;;;;;
M-15-00000588-50-26.12.31-SECD-23FF45EE;00000588;;;;;;
M-15-00000589-50-26.12.31-SECD-23FF45EE;00000589;;;;;;
M-15-00000590-50-26.12.31-SECD-23FF45EE;00000590;;;;;;
M-15-00000591-50-26.12.31-SECD-23FF45EE;00000591;;;;;;
M-15-00000592-50-26.12.31-SECD-23FF45EE;00000592;;;;;;
M-15-00000593-50-26.12.31-SECD-23FF45EE;00000593;;;;;;
M-15-00000594-50-26.12.31-SECD-23FF45EE;00000594;;;;;;
M-15-00000595-50-26.12.31-SECD-23FF45EE;00000595;;;;;;
M-15-00000596-50-26.12.31-SECD-23FF45EE;00000596;;;;;;
M-15-00000597-50-26.12.31-SECD-23FF45EE;00000597;;;;;;
M-15-00000598-50-26.12.31-SECD-23FF45EE;00000598;;;;;;
M-15-00000599-50-26.12.31-SECD-23FF45EE;00000599;;;;;;
M-15-00000600-50-26.12.31-SECD-23FF45EE;00000600;;;;;;
M-15-00000601-50-26.12.31-SECD-23FF45EE;00000601;;;;;;
M-15-00000602-50-26.12.31-SECD-23FF45EE;00000602;;;;;;
M-15-00000603-50-26.12.31-SECD-23FF45EE;00000603;;;;;;
M-15-00000604-50-26.12.31-SECD-23FF45EE;00000604;;;;;;
M-15-00000605-50-26.12.31-SECD-23FF45EE;00000605;;;;;;
M-15-00000606-50-26.12.31-SECD-23FF45EE;00000606;;;;;;
M-15-00000607-50-26.12.31-SECD-23FF45EE;00000607;;;;;;
M-15-00000608-50-26.12.31-SECD-23FF45EE;00000608;;;;;;
M-15-00000609-50-26.12.31-SECD-23FF45EE;00000609;;;;;;
M-15-00000610-50-26.12.31-SECD-23FF45EE;00000610;;;;;;
M-15-00000611-50-26.12.31-SECD-23FF45EE;00000611;;;;;;
M-15-00000612-50-26.12.31-SECD-23FF45EE;00000612;;;;;;
M-15-00000613-50-26.12.31-SECD-23FF45EE;00000613;;;;;;
M-15-00000614-50-26.12.31-SECD-23FF45EE;00000614;;;;;;
M-15-00000615-50-26.12.31-SECD-23FF45EE;00000615;;;;;;
M-15-00000616-50-26.12.31-SECD-23FF45EE;00000616;;;;;;
M-15-00000617-50-26.12.31-SECD-23FF45EE;00000617;;;;;;
M-15-00000618-50-26.12.31-SECD-23FF45EE;00000618;;;;;;
M-15-00000619-50-26.12.31-SECD-23FF45EE;00000619;;;;;;
M-15-00000620-50-26.12.31-SECD-23FF45EE;00000620;;;;;;
M-15-00000621-50-26.12.31-SECD-23FF45EE;00000621;;;;;;
M-15-00000622-50-26.12.31-SECD-23FF45EE;00000622;;;;;;
M-15-00000623-50-26.12.31-SECD-23FF45EE;00000623;;;;;;
M-15-00000624-50-26.12.31-SECD-23FF45EE;00000624;;;;;;
M-15-00000625-50-26.12.31-SECD-23FF45EE;00000625;;;;;;
M-15-00000626-50-26.12.31-SECD-23FF45EE;00000626;;;;;;
M-15-00000627-50-26.12.31-SECD-23FF45EE;00000627;;;;;;
M-15-00000628-50-26.12.31-SECD-23FF45EE;00000628;;;;;;
M-15-00000629-50-26.12.31-SECD-23FF45EE;00000629;;;;;;
M-15-00000630-50-26.12.31-SECD-23FF45EE;00000630;;;;;;
M-15-00000631-50-26.12.31-SECD-23FF45EE;00000631;;;;;;
M-15-00000632-50-26.12.31-SECD-23FF45EE;00000632;;;;;;
M-15-00000633-50-26.12.31-SECD-23FF45EE;00000633;;;;;;
M-15-00000634-50-26.12.31-SECD-23FF45EE;00000634;;;;;;
M-15-00000635-50-26.12.31-SECD-23FF45EE;00000635;;;;;;
M-15-00000636-50-26.12.31-SECD-23FF45EE;00000636;;;;;;
M-15-00000637-50-26.12.31-SECD-23FF45EE;00000637;;;;;;
M-15-00000638-50-26.12.31-SECD-23FF45EE;00000638;;;;;;
M-15-00000639-50-26.12.31-SECD-23FF45EE;00000639;;;;;;
M-15-00000640-50-26.12.31-SECD-23FF45EE;00000640;;;;;;
M-15-00000641-50-26.12.31-SECD-23FF45EE;00000641;;;;;;
M-15-00000642-50-26.12.31-SECD-23FF45EE;00000642;;;;;;
M-15-00000643-50-26.12.31-SECD-23FF45EE;00000643;;;;;;
M-15-00000644-50-26.12.31-SECD-23FF45EE;00000644;;;;;;
M-15-00000645-50-26.12.31-SECD-23FF45EE;00000645;;;;;;
M-15-00000646-50-26.12.31-SECD-23FF45EE;00000646;;;;;;
M-15-00000647-50-26.12.31-SECD-23FF45EE;00000647;;;;;;
M-15-00000648-50-26.12.31-SECD-23FF45EE;00000648;;;;;;
M-15-00000649-50-26.12.31-SECD-23FF45EE;00000649;;;;;;
M-15-00000650-50-26.12.31-SECD-23FF45EE;00000650;;;;;;
M-15-00000651-50-26.12.31-SECD-23FF45EE;00000651;;;;;;
M-15-00000652-50-26.12.31-SECD-23FF45EE;00000652;;;;;;
M-15-00000653-50-26.12.31-SECD-23FF45EE;00000653;;;;;;
M-15-00000654-50-26.12.31-SECD-23FF45EE;00000654;;;;;;
M-15-00000655-50-26.12.31-SECD-23FF45EE;00000655;;;;;;
M-15-00000656-50-26.12.31-SECD-23FF45EE;00000656;;;;;;
M-15-00000657-50-26.12.31-SECD-23FF45EE;00000657;;;;;;
M-15-00000658-50-26.12.31-SECD-23FF45EE;00000658;;;;;;
M-15-00000659-50-26.12.31-SECD-23FF45EE;00000659;;;;;;
M-15-00000660-50-26.12.31-SECD-23FF45EE;00000660;;;;;;
M-15-00000661-50-26.12.31-SECD-23FF45EE;00000661;;;;;;
M-15-00000662-50-26.12.31-SECD-23FF45EE;00000662;;;;;;
M-15-00000663-50-26.12.31-SECD-23FF45EE;00000663;;;;;;
M-15-00000664-50-26.12.31-SECD-23FF45EE;00000664;;;;;;
M-15-00000665-50-26.12.31-SECD-23FF45EE;00000665;;;;;;
M-15-00000666-50-26.12.31-SECD-23FF45EE;00000666;;;;;;
M-15-00000667-50-26.12.31-SECD-23FF45EE;00000667;;;;;;
M-15-00000668-50-26.12.31-SECD-23FF45EE;00000668;;;;;;
M-15-00000669-50-26.12.31-SECD-23FF45EE;00000669;;;;;;
M-15-00000670-50-26.12.31-SECD-23FF45EE;00000670;;;;;;
M-15-00000671-50-26.12.31-SECD-23FF45EE;00000671;;;;;;
M-15-00000672-50-26.12.31-SECD-23FF45EE;00000672;;;;;;
M-15-00000673-50-26.12.31-SECD-23FF45EE;00000673;;;;;;
M-15-00000674-50-26.12.31-SECD-23FF45EE;00000674;;;;;;
M-15-00000675-50-26.12.31-SECD-23FF45EE;00000675;;;;;;
M-15-00000676-50-26.12.31-SECD-23FF45EE;00000676;;;;;;
M-15-00000677-50-26.12.31-SECD-23FF45EE;00000677;;;;;;
M-15-00000678-50-26.12.31-SECD-23FF45EE;00000678;;;;;;
M-15-00000679-50-26.12.31-SECD-23FF45EE;00000679;;;;;;
M-15-00000680-50-26.12.31-SECD-23FF45EE;00000680;;;;;;
M-15-00000681-50-26.12.31-SECD-23FF45EE;00000681;;;;;;
M-15-00000682-50-26.12.31-SECD-23FF45EE;00000682;;;;;;
M-15-00000683-50-26.12.31-SECD-23FF45EE;00000683;;;;;;
M-15-00000684-50-26.12.31-SECD-23FF45EE;00000684;;;;;;
M-15-00000685-50-26.12.31-SECD-23FF45EE;00000685;;;;;;
M-15-00000686-50-26.12.31-SECD-23FF45EE;00000686;;;;;;
M-15-00000687-50-26.12.31-SECD-23FF45EE;00000687;;;;;;
M-15-00000688-50-26.12.31-SECD-23FF45EE;00000688;;;;;;
M-15-00000689-50-26.12.31-SECD-23FF45EE;00000689;;;;;;
M-15-00000690-50-26.12.31-SECD-23FF45EE;00000690;;;;;;
M-15-00000691-50-26.12.31-SECD-23FF45EE;00000691;;;;;;
M-15-00000692-50-26.12.31-SECD-23FF45EE;00000692;;;;;;
M-15-00000693-50-26.12.31-SECD-23FF45EE;00000693;;;;;;
M-15-00000694-50-26.12.31-SECD-23FF45EE;00000694;;;;;;
M-15-00000695-50-26.12.31-SECD-23FF45EE;00000695;;;;;;
M-15-00000696-50-26.12.31-SECD-23FF45EE;00000696;;;;;;
M-15-00000697-50-26.12.31-SECD-23FF45EE;00000697;;;;;;
M-15-00000698-50-26.12.31-SECD-23FF45EE;00000698;;;;;;
M-15-00000699-50-26.12.31-SECD-23FF45EE;00000699;;;;;;
M-15-00000700-50-26.12.31-SECD-23FF45EE;00000700;;;;;;
M-15-00000701-50-26.12.31-SECD-23FF45EE;00000701;;;;;;
M-15-00000702-50-26.12.31-SECD-23FF45EE;00000702;;;;;;
M-15-00000703-50-26.12.31-SECD-23FF45EE;00000703;;;;;;
M-15-00000704-50-26.12.31-SECD-23FF45EE;00000704;;;;;;
M-15-00000705-50-26.12.31-SECD-23FF45EE;00000705;;;;;;
M-15-00000706-50-26.12.31-SECD-23FF45EE;00000706;;;;;;
M-15-00000707-50-26.12.31-SECD-23FF45EE;00000707;;;;;;
M-15-00000708-50-26.12.31-SECD-23FF45EE;00000708;;;;;;
M-15-00000709-50-26.12.31-SECD-23FF45EE;00000709;;;;;;
M-15-00000710-50-26.12.31-SECD-23FF45EE;00000710;;;;;;
M-15-00000711-50-26.12.31-SECD-23FF45EE;00000711;;;;;;
M-15-00000712-50-26.12.31-SECD-23FF45EE;00000712;;;;;;
M-15-00000713-50-26.12.31-SECD-23FF45EE;00000713;;;;;;
M-15-00000714-50-26.12.31-SECD-23FF45EE;00000714;;;;;;
M-15-00000715-50-26.12.31-SECD-23FF45EE;00000715;;;;;;
M-15-00000716-50-26.12.31-SECD-23FF45EE;00000716;;;;;;
M-15-00000717-50-26.12.31-SECD-23FF45EE;00000717;;;;;;
M-15-00000718-50-26.12.31-SECD-23FF45EE;00000718;;;;;;
M-15-00000719-50-26.12.31-SECD-23FF45EE;00000719;;;;;;
M-15-00000720-50-26.12.31-SECD-23FF45EE;00000720;;;;;;
M-15-00000721-50-26.12.31-SECD-23FF45EE;00000721;;;;;;
M-15-00000722-50-26.12.31-SECD-23FF45EE;00000722;;;;;;
M-15-00000723-50-26.12.31-SECD-23FF45EE;00000723;;;;;;
M-15-00000724-50-26.12.31-SECD-23FF45EE;00000724;;;;;;
M-15-00000725-50-26.12.31-SECD-23FF45EE;00000725;;;;;;
M-15-00000726-50-26.12.31-SECD-23FF45EE;00000726;;;;;;
M-15-00000727-50-26.12.31-SECD-23FF45EE;00000727;;;;;;
M-15-00000728-50-26.12.31-SECD-23FF45EE;00000728;;;;;;
M-15-00000729-50-26.12.31-SECD-23FF45EE;00000729;;;;;;
M-15-00000730-50-26.12.31-SECD-23FF45EE;00000730;;;;;;
M-15-00000731-50-26.12.31-SECD-23FF45EE;00000731;;;;;;
M-15-00000732-50-26.12.31-SECD-23FF45EE;00000732;;;;;;
M-15-00000733-50-26.12.31-SECD-23FF45EE;00000733;;;;;;
M-15-00000734-50-26.12.31-SECD-23FF45EE;00000734;;;;;;
M-15-00000735-50-26.12.31-SECD-23FF45EE;00000735;;;;;;
M-15-00000736-50-26.12.31-SECD-23FF45EE;00000736;;;;;;
M-15-00000737-50-26.12.31-SECD-23FF45EE;00000737;;;;;;
M-15-00000738-50-26.12.31-SECD-23FF45EE;00000738;;;;;;
M-15-00000739-50-26.12.31-SECD-23FF45EE;00000739;;;;;;
M-15-00000740-50-26.12.31-SECD-23FF45EE;00000740;;;;;;
M-15-00000741-50-26.12.31-SECD-23FF45EE;00000741;;;;;;
M-15-00000742-50-26.12.31-SECD-23FF45EE;00000742;;;;;;
M-15-00000743-50-26.12.31-SECD-23FF45EE;00000743;;;;;;
M-15-00000744-50-26.12.31-SECD-23FF45EE;00000744;;;;;;
M-15-00000745-50-26.12.31-SECD-23FF45EE;00000745;;;;;;
M-15-00000746-50-26.12.31-SECD-23FF45EE;00000746;;;;;;
M-15-00000747-50-26.12.31-SECD-23FF45EE;00000747;;;;;;
M-15-00000748-50-26.12.31-SECD-23FF45EE;00000748;;;;;;
M-15-00000749-50-26.12.31-SECD-23FF45EE;00000749;;;;;;
M-15-00000750-50-26.12.31-SECD-23FF45EE;00000750;;;;;;
M-15-00000751-50-26.12.31-SECD-23FF45EE;00000751;;;;;;
M-15-00000752-50-26.12.31-SECD-23FF45EE;00000752;;;;;;
M-15-00000753-50-26.12.31-SECD-23FF45EE;00000753;;;;;;
M-15-00000754-50-26.12.31-SECD-23FF45EE;00000754;;;;;;
M-15-00000755-50-26.12.31-SECD-23FF45EE;00000755;;;;;;
M-15-00000756-50-26.12.31-SECD-23FF45EE;00000756;;;;;;
M-15-00000757-50-26.12.31-SECD-23FF45EE;00000757;;;;;;
M-15-00000758-50-26.12.31-SECD-23FF45EE;00000758;;;;;;
M-15-00000759-50-26.12.31-SECD-23FF45EE;00000759;;;;;;
M-15-00000760-50-26.12.31-SECD-23FF45EE;00000760;;;;;;
M-15-00000761-50-26.12.31-SECD-23FF45EE;00000761;;;;;;
M-15-00000762-50-26.12.31-SECD-23FF45EE;00000762;;;;;;
M-15-00000763-50-26.12.31-SECD-23FF45EE;00000763;;;;;;
M-15-00000764-50-26.12.31-SECD-23FF45EE;00000764;;;;;;
M-15-00000765-50-26.12.31-SECD-23FF45EE;00000765;;;;;;
M-15-00000766-50-26.12.31-SECD-23FF45EE;00000766;;;;;;
M-15-00000767-50-26.12.31-SECD-23FF45EE;00000767;;;;;;
M-15-00000768-50-26.12.31-SECD-23FF45EE;00000768;;;;;;
M-15-00000769-50-26.12.31-SECD-23FF45EE;00000769;;;;;;
M-15-00000770-50-26.12.31-SECD-23FF45EE;00000770;;;;;;
M-15-00000771-50-26.12.31-SECD-23FF45EE;00000771;;;;;;
M-15-00000772-50-26.12.31-SECD-23FF45EE;00000772;;;;;;
M-15-00000773-50-26.12.31-SECD-23FF45EE;00000773;;;;;;
M-15-00000774-50-26.12.31-SECD-23FF45EE;00000774;;;;;;
M-15-00000775-50-26.12.31-SECD-23FF45EE;00000775;;;;;;
M-15-00000776-50-26.12.31-SECD-23FF45EE;00000776;;;;;;
M-15-00000777-50-26.12.31-SECD-23FF45EE;00000777;;;;;;
M-15-00000778-50-26.12.31-SECD-23FF45EE;00000778;;;;;;
M-15-00000779-50-26.12.31-SECD-23FF45EE;00000779;;;;;;
M-15-00000780-50-26.12.31-SECD-23FF45EE;00000780;;;;;;
M-15-00000781-50-26.12.31-SECD-23FF45EE;00000781;;;;;;
M-15-00000782-50-26.12.31-SECD-23FF45EE;00000782;;;;;;
M-15-00000783-50-26.12.31-SECD-23FF45EE;00000783;;;;;;
M-15-00000784-50-26.12.31-SECD-23FF45EE;00000784;;;;;;
M-15-00000785-50-26.12.31-SECD-23FF45EE;00000785;;;;;;
M-15-00000786-50-26.12.31-SECD-23FF45EE;00000786;;;;;;
M-15-00000787-50-26.12.31-SECD-23FF45EE;00000787;;;;;;
M-15-00000788-50-26.12.31-SECD-23FF45EE;00000788;;;;;;
M-15-00000789-50-26.12.31-SECD-23FF45EE;00000789;;;;;;
M-15-00000790-50-26.12.31-SECD-23FF45EE;00000790;;;;;;
M-15-00000791-50-26.12.31-SECD-23FF45EE;00000791;;;;;;
M-15-00000792-50-26.12.31-SECD-23FF45EE;00000792;;;;;;
M-15-00000793-50-26.12.31-SECD-23FF45EE;00000793;;;;;;
M-15-00000794-50-26.12.31-SECD-23FF45EE;00000794;;;;;;
M-15-00000795-50-26.12.31-SECD-23FF45EE;00000795;;;;;;
M-15-00000796-50-26.12.31-SECD-23FF45EE;00000796;;;;;;
M-15-00000797-50-26.12.31-SECD-23FF45EE;00000797;;;;;;
M-15-00000798-50-26.12.31-SECD-23FF45EE;00000798;;;;;;
M-15-00000799-50-26.12.31-SECD-23FF45EE;00000799;;;;;;
M-15-00000800-50-26.12.31-SECD-23FF45EE;00000800;;;;;;
M-15-00000801-50-26.12.31-SECD-23FF45EE;00000801;;;;;;
M-15-00000802-50-26.12.31-SECD-23FF45EE;00000802;;;;;;
M-15-00000803-50-26.12.31-SECD-23FF45EE;00000803;;;;;;
M-15-00000804-50-26.12.31-SECD-23FF45EE;00000804;;;;;;
M-15-00000805-50-26.12.31-SECD-23FF45EE;00000805;;;;;;
M-15-00000806-50-26.12.31-SECD-23FF45EE;00000806;;;;;;
M-15-00000807-50-26.12.31-SECD-23FF45EE;00000807;;;;;;
M-15-00000808-50-26.12.31-SECD-23FF45EE;00000808;;;;;;
M-15-00000809-50-26.12.31-SECD-23FF45EE;00000809;;;;;;
M-15-00000810-50-26.12.31-SECD-23FF45EE;00000810;;;;;;
M-15-00000811-50-26.12.31-SECD-23FF45EE;00000811;;;;;;
M-15-00000812-50-26.12.31-SECD-23FF45EE;00000812;;;;;;
M-15-00000813-50-26.12.31-SECD-23FF45EE;00000813;;;;;;
M-15-00000814-50-26.12.31-SECD-23FF45EE;00000814;;;;;;
M-15-00000815-50-26.12.31-SECD-23FF45EE;00000815;;;;;;
M-15-00000816-50-26.12.31-SECD-23FF45EE;00000816;;;;;;
M-15-00000817-50-26.12.31-SECD-23FF45EE;00000817;;;;;;
M-15-00000818-50-26.12.31-SECD-23FF45EE;00000818;;;;;;
M-15-00000819-50-26.12.31-SECD-23FF45EE;00000819;;;;;;
M-15-00000820-50-26.12.31-SECD-23FF45EE;00000820;;;;;;
M-15-00000821-50-26.12.31-SECD-23FF45EE;00000821;;;;;;
M-15-00000822-50-26.12.31-SECD-23FF45EE;00000822;;;;;;
M-15-00000823-50-26.12.31-SECD-23FF45EE;00000823;;;;;;
M-15-00000824-50-26.12.31-SECD-23FF45EE;00000824;;;;;;
M-15-00000825-50-26.12.31-SECD-23FF45EE;00000825;;;;;;
M-15-00000826-50-26.12.31-SECD-23FF45EE;00000826;;;;;;
M-15-00000827-50-26.12.31-SECD-23FF45EE;00000827;;;;;;
M-15-00000828-50-26.12.31-SECD-23FF45EE;00000828;;;;;;
M-15-00000829-50-26.12.31-SECD-23FF45EE;00000829;;;;;;
M-15-00000830-50-26.12.31-SECD-23FF45EE;00000830;;;;;;
M-15-00000831-50-26.12.31-SECD-23FF45EE;00000831;;;;;;
M-15-00000832-50-26.12.31-SECD-23FF45EE;00000832;;;;;;
M-15-00000833-50-26.12.31-SECD-23FF45EE;00000833;;;;;;
M-15-00000834-50-26.12.31-SECD-23FF45EE;00000834;;;;;;
M-15-00000835-50-26.12.31-SECD-23FF45EE;00000835;;;;;;
M-15-00000836-50-26.12.31-SECD-23FF45EE;00000836;;;;;;
M-15-00000837-50-26.12.31-SECD-23FF45EE;00000837;;;;;;
M-15-00000838-50-26.12.31-SECD-23FF45EE;00000838;;;;;;
M-15-00000839-50-26.12.31-SECD-23FF45EE;00000839;;;;;;
M-15-00000840-50-26.12.31-SECD-23FF45EE;00000840;;;;;;
M-15-00000841-50-26.12.31-SECD-23FF45EE;00000841;;;;;;
M-15-00000842-50-26.12.31-SECD-23FF45EE;00000842;;;;;;
M-15-00000843-50-26.12.31-SECD-23FF45EE;00000843;;;;;;
M-15-00000844-50-26.12.31-SECD-23FF45EE;00000844;;;;;;
M-15-00000845-50-26.12.31-SECD-23FF45EE;00000845;;;;;;
M-15-00000846-50-26.12.31-SECD-23FF45EE;00000846;;;;;;
M-15-00000847-50-26.12.31-SECD-23FF45EE;00000847;;;;;;
M-15-00000848-50-26.12.31-SECD-23FF45EE;00000848;;;;;;
M-15-00000849-50-26.12.31-SECD-23FF45EE;00000849;;;;;;
M-15-00000850-50-26.12.31-SECD-23FF45EE;00000850;;;;;;
M-15-00000851-50-26.12.31-SECD-23FF45EE;00000851;;;;;;
M-15-00000852-50-26.12.31-SECD-23FF45EE;00000852;;;;;;
M-15-00000853-50-26.12.31-SECD-23FF45EE;00000853;;;;;;
M-15-00000854-50-26.12.31-SECD-23FF45EE;00000854;;;;;;
M-15-00000855-50-26.12.31-SECD-23FF45EE;00000855;;;;;;
M-15-00000856-50-26.12.31-SECD-23FF45EE;00000856;;;;;;
M-15-00000857-50-26.12.31-SECD-23FF45EE;00000857;;;;;;
M-15-00000858-50-26.12.31-SECD-23FF45EE;00000858;;;;;;
M-15-00000859-50-26.12.31-SECD-23FF45EE;00000859;;;;;;
M-15-00000860-50-26.12.31-SECD-23FF45EE;00000860;;;;;;
M-15-00000861-50-26.12.31-SECD-23FF45EE;00000861;;;;;;
M-15-00000862-50-26.12.31-SECD-23FF45EE;00000862;;;;;;
M-15-00000863-50-26.12.31-SECD-23FF45EE;00000863;;;;;;
M-15-00000864-50-26.12.31-SECD-23FF45EE;00000864;;;;;;
M-15-00000865-50-26.12.31-SECD-23FF45EE;00000865;;;;;;
M-15-00000866-50-26.12.31-SECD-23FF45EE;00000866;;;;;;
M-15-00000867-50-26.12.31-SECD-23FF45EE;00000867;;;;;;
M-15-00000868-50-26.12.31-SECD-23FF45EE;00000868;;;;;;
M-15-00000869-50-26.12.31-SECD-23FF45EE;00000869;;;;;;
M-15-00000870-50-26.12.31-SECD-23FF45EE;00000870;;;;;;
M-15-00000871-50-26.12.31-SECD-23FF45EE;00000871;;;;;;
M-15-00000872-50-26.12.31-SECD-23FF45EE;00000872;;;;;;
M-15-00000873-50-26.12.31-SECD-23FF45EE;00000873;;;;;;
M-15-00000874-50-26.12.31-SECD-23FF45EE;00000874;;;;;;
M-15-00000875-50-26.12.31-SECD-23FF45EE;00000875;;;;;;
M-15-00000876-50-26.12.31-SECD-23FF45EE;00000876;;;;;;
M-15-00000877-50-26.12.31-SECD-23FF45EE;00000877;;;;;;
M-15-00000878-50-26.12.31-SECD-23FF45EE;00000878;;;;;;
M-15-00000879-50-26.12.31-SECD-23FF45EE;00000879;;;;;;
M-15-00000880-50-26.12.31-SECD-23FF45EE;00000880;;;;;;
M-15-00000881-50-26.12.31-SECD-23FF45EE;00000881;;;;;;
M-15-00000882-50-26.12.31-SECD-23FF45EE;00000882;;;;;;
M-15-00000883-50-26.12.31-SECD-23FF45EE;00000883;;;;;;
M-15-00000884-50-26.12.31-SECD-23FF45EE;00000884;;;;;;
M-15-00000885-50-26.12.31-SECD-23FF45EE;00000885;;;;;;
M-15-00000886-50-26.12.31-SECD-23FF45EE;00000886;;;;;;
M-15-00000887-50-26.12.31-SECD-23FF45EE;00000887;;;;;;
M-15-00000888-50-26.12.31-SECD-23FF45EE;00000888;;;;;;
M-15-00000889-50-26.12.31-SECD-23FF45EE;00000889;;;;;;
M-15-00000890-50-26.12.31-SECD-23FF45EE;00000890;;;;;;
M-15-00000891-50-26.12.31-SECD-23FF45EE;00000891;;;;;;
M-15-00000892-50-26.12.31-SECD-23FF45EE;00000892;;;;;;
M-15-00000893-50-26.12.31-SECD-23FF45EE;00000893;;;;;;
M-15-00000894-50-26.12.31-SECD-23FF45EE;00000894;;;;;;
M-15-00000895-50-26.12.31-SECD-23FF45EE;00000895;;;;;;
M-15-00000896-50-26.12.31-SECD-23FF45EE;00000896;;;;;;
M-15-00000897-50-26.12.31-SECD-23FF45EE;00000897;;;;;;
M-15-00000898-50-26.12.31-SECD-23FF45EE;00000898;;;;;;
M-15-00000899-50-26.12.31-SECD-23FF45EE;00000899;;;;;;
M-15-00000900-50-26.12.31-SECD-23FF45EE;00000900;;;;;;
M-15-00000901-50-26.12.31-SECD-23FF45EE;00000901;;;;;;
M-15-00000902-50-26.12.31-SECD-23FF45EE;00000902;;;;;;
M-15-00000903-50-26.12.31-SECD-23FF45EE;00000903;;;;;;
M-15-00000904-50-26.12.31-SECD-23FF45EE;00000904;;;;;;
M-15-00000905-50-26.12.31-SECD-23FF45EE;00000905;;;;;;
M-15-00000906-50-26.12.31-SECD-23FF45EE;00000906;;;;;;
M-15-00000907-50-26.12.31-SECD-23FF45EE;00000907;;;;;;
M-15-00000908-50-26.12.31-SECD-23FF45EE;00000908;;;;;;
M-15-00000909-50-26.12.31-SECD-23FF45EE;00000909;;;;;;
M-15-00000910-50-26.12.31-SECD-23FF45EE;00000910;;;;;;
M-15-00000911-50-26.12.31-SECD-23FF45EE;00000911;;;;;;
M-15-00000912-50-26.12.31-SECD-23FF45EE;00000912;;;;;;
M-15-00000913-50-26.12.31-SECD-23FF45EE;00000913;;;;;;
M-15-00000914-50-26.12.31-SECD-23FF45EE;00000914;;;;;;
M-15-00000915-50-26.12.31-SECD-23FF45EE;00000915;;;;;;
M-15-00000916-50-26.12.31-SECD-23FF45EE;00000916;;;;;;
M-15-00000917-50-26.12.31-SECD-23FF45EE;00000917;;;;;;
M-15-00000918-50-26.12.31-SECD-23FF45EE;00000918;;;;;;
M-15-00000919-50-26.12.31-SECD-23FF45EE;00000919;;;;;;
M-15-00000920-50-26.12.31-SECD-23FF45EE;00000920;;;;;;
M-15-00000921-50-26.12.31-SECD-23FF45EE;00000921;;;;;;
M-15-00000922-50-26.12.31-SECD-23FF45EE;00000922;;;;;;
M-15-00000923-50-26.12.31-SECD-23FF45EE;00000923;;;;;;
M-15-00000924-50-26.12.31-SECD-23FF45EE;00000924;;;;;;
M-15-00000925-50-26.12.31-SECD-23FF45EE;00000925;;;;;;
M-15-00000926-50-26.12.31-SECD-23FF45EE;00000926;;;;;;
M-15-00000927-50-26.12.31-SECD-23FF45EE;00000927;;;;;;
M-15-00000928-50-26.12.31-SECD-23FF45EE;00000928;;;;;;
M-15-00000929-50-26.12.31-SECD-23FF45EE;00000929;;;;;;
M-15-00000930-50-26.12.31-SECD-23FF45EE;00000930;;;;;;
M-15-00000931-50-26.12.31-SECD-23FF45EE;00000931;;;;;;
M-15-00000932-50-26.12.31-SECD-23FF45EE;00000932;;;;;;
M-15-00000933-50-26.12.31-SECD-23FF45EE;00000933;;;;;;
M-15-00000934-50-26.12.31-SECD-23FF45EE;00000934;;;;;;
M-15-00000935-50-26.12.31-SECD-23FF45EE;00000935;;;;;;
M-15-00000936-50-26.12.31-SECD-23FF45EE;00000936;;;;;;
M-15-00000937-50-26.12.31-SECD-23FF45EE;00000937;;;;;;
M-15-00000938-50-26.12.31-SECD-23FF45EE;00000938;;;;;;
M-15-00000939-50-26.12.31-SECD-23FF45EE;00000939;;;;;;
M-15-00000940-50-26.12.31-SECD-23FF45EE;00000940;;;;;;
M-15-00000941-50-26.12.31-SECD-23FF45EE;00000941;;;;;;
M-15-00000942-50-26.12.31-SECD-23FF45EE;00000942;;;;;;
M-15-00000943-50-26.12.31-SECD-23FF45EE;00000943;;;;;;
M-15-00000944-50-26.12.31-SECD-23FF45EE;00000944;;;;;;
M-15-00000945-50-26.12.31-SECD-23FF45EE;00000945;;;;;;
M-15-00000946-50-26.12.31-SECD-23FF45EE;00000946;;;;;;
M-15-00000947-50-26.12.31-SECD-23FF45EE;00000947;;;;;;
M-15-00000948-50-26.12.31-SECD-23FF45EE;00000948;;;;;;
M-15-00000949-50-26.12.31-SECD-23FF45EE;00000949;;;;;;
M-15-00000950-50-26.12.31-SECD-23FF45EE;00000950;;;;;;
M-15-00000951-50-26.12.31-SECD-23FF45EE;00000951;;;;;;
M-15-00000952-50-26.12.31-SECD-23FF45EE;00000952;;;;;;
M-15-00000953-50-26.12.31-SECD-23FF45EE;00000953;;;;;;
M-15-00000954-50-26.12.31-SECD-23FF45EE;00000954;;;;;;
M-15-00000955-50-26.12.31-SECD-23FF45EE;00000955;;;;;;
M-15-00000956-50-26.12.31-SECD-23FF45EE;00000956;;;;;;
M-15-00000957-50-26.12.31-SECD-23FF45EE;00000957;;;;;;
M-15-00000958-50-26.12.31-SECD-23FF45EE;00000958;;;;;;
M-15-00000959-50-26.12.31-SECD-23FF45EE;00000959;;;;;;
M-15-00000960-50-26.12.31-SECD-23FF45EE;00000960;;;;;;
M-15-00000961-50-26.12.31-SECD-23FF45EE;00000961;;;;;;
M-15-00000962-50-26.12.31-SECD-23FF45EE;00000962;;;;;;
M-15-00000963-50-26.12.31-SECD-23FF45EE;00000963;;;;;;
M-15-00000964-50-26.12.31-SECD-23FF45EE;00000964;;;;;;
M-15-00000965-50-26.12.31-SECD-23FF45EE;00000965;;;;;;
M-15-00000966-50-26.12.31-SECD-23FF45EE;00000966;;;;;;
M-15-00000967-50-26.12.31-SECD-23FF45EE;00000967;;;;;;
M-15-00000968-50-26.12.31-SECD-23FF45EE;00000968;;;;;;
M-15-00000969-50-26.12.31-SECD-23FF45EE;00000969;;;;;;
M-15-00000970-50-26.12.31-SECD-23FF45EE;00000970;;;;;;
M-15-00000971-50-26.12.31-SECD-23FF45EE;00000971;;;;;;
M-15-00000972-50-26.12.31-SECD-23FF45EE;00000972;;;;;;
M-15-00000973-50-26.12.31-SECD-23FF45EE;00000973;;;;;;
M-15-00000974-50-26.12.31-SECD-23FF45EE;00000974;;;;;;
M-15-00000975-50-26.12.31-SECD-23FF45EE;00000975;;;;;;
M-15-00000976-50-26.12.31-SECD-23FF45EE;00000976;;;;;;
M-15-00000977-50-26.12.31-SECD-23FF45EE;00000977;;;;;;
M-15-00000978-50-26.12.31-SECD-23FF45EE;00000978;;;;;;
M-15-00000979-50-26.12.31-SECD-23FF45EE;00000979;;;;;;
M-15-00000980-50-26.12.31-SECD-23FF45EE;00000980;;;;;;
M-15-00000981-50-26.12.31-SECD-23FF45EE;00000981;;;;;;
M-15-00000982-50-26.12.31-SECD-23FF45EE;00000982;;;;;;
M-15-00000983-50-26.12.31-SECD-23FF45EE;00000983;;;;;;
M-15-00000984-50-26.12.31-SECD-23FF45EE;00000984;;;;;;
M-15-00000985-50-26.12.31-SECD-23FF45EE;00000985;;;;;;
M-15-00000986-50-26.12.31-SECD-23FF45EE;00000986;;;;;;
M-15-00000987-50-26.12.31-SECD-23FF45EE;00000987;;;;;;
M-15-00000988-50-26.12.31-SECD-23FF45EE;00000988;;;;;;
M-15-00000989-50-26.12.31-SECD-23FF45EE;00000989;;;;;;
M-15-00000990-50-26.12.31-SECD-23FF45EE;00000990;;;;;;
M-15-00000991-50-26.12.31-SECD-23FF45EE;00000991;;;;;;
M-15-00000992-50-26.12.31-SECD-23FF45EE;00000992;;;;;;
M-15-00000993-50-26.12.31-SECD-23FF45EE;00000993;;;;;;
M-15-00000994-50-26.12.31-SECD-23FF45EE;00000994;;;;;;
M-15-00000995-50-26.12.31-SECD-23FF45EE;00000995;;;;;;
M-15-00000996-50-26.12.31-SECD-23FF45EE;00000996;;;;;;
M-15-00000997-50-26.12.31-SECD-23FF45EE;00000997;;;;;;
M-15-00000998-50-26.12.31-SECD-23FF45EE;00000998;;;;;;
M-15-00000999-50-26.12.31-SECD-23FF45EE;00000999;;;;;;
M-15-00001000-50-26.12.31-SECD-23FF45EE;00001000;;;;;;